Datetime,Water Level (m)
2025-08-02 18:00:00,0.30815753
2025-08-02 19:00:00,0.01104292
2025-08-02 20:00:00,-0.24077266
2025-08-02 21:00:00,-0.37568784
2025-08-02 22:00:00,-0.20671998
2025-08-02 23:00:00,0.21031934
2025-08-03 00:00:00,0.6711358
2025-08-03 01:00:00,1.1101923
2025-08-03 02:00:00,1.4361619
2025-08-03 03:00:00,1.5901642
2025-08-03 04:00:00,1.5285844
2025-08-03 05:00:00,1.2881839
2025-08-03 06:00:00,0.96942675
2025-08-03 07:00:00,0.63644105
2025-08-03 08:00:00,0.3160984
2025-08-03 09:00:00,0.057851676
2025-08-03 10:00:00,-0.070163116
2025-08-03 11:00:00,0.04991813
2025-08-03 12:00:00,0.35777712
2025-08-03 13:00:00,0.68766695
2025-08-03 14:00:00,0.975336
2025-08-03 15:00:00,1.1555145
2025-08-03 16:00:00,1.1750466
2025-08-03 17:00:00,1.009539
2025-08-03 18:00:00,0.73912
2025-08-03 19:00:00,0.4212442
2025-08-03 20:00:00,0.10663336
2025-08-03 21:00:00,-0.16720818
2025-08-03 22:00:00,-0.345635
2025-08-03 23:00:00,-0.28632703
2025-08-04 00:00:00,0.06278863
2025-08-04 01:00:00,0.5056648
2025-08-04 02:00:00,0.9525169
2025-08-04 03:00:00,1.3315897
2025-08-04 04:00:00,1.5826558
2025-08-04 05:00:00,1.6252306
2025-08-04 06:00:00,1.4522626
2025-08-04 07:00:00,1.1483245
2025-08-04 08:00:00,0.8059266
2025-08-04 09:00:00,0.4547516
2025-08-04 10:00:00,0.13449915
2025-08-04 11:00:00,-0.10956797
2025-08-04 12:00:00,-0.20745474
2025-08-04 13:00:00,-0.034371585
2025-08-04 14:00:00,0.32502034
2025-08-04 15:00:00,0.68992436
2025-08-04 16:00:00,0.9830351
2025-08-04 17:00:00,1.1364372
2025-08-04 18:00:00,1.1036482
2025-08-04 19:00:00,0.8971442
2025-08-04 20:00:00,0.59710425
2025-08-04 21:00:00,0.26648262
2025-08-04 22:00:00,-0.03956872
2025-08-04 23:00:00,-0.2868102
2025-08-05 00:00:00,-0.38164246
2025-08-05 01:00:00,-0.13697018
2025-08-05 02:00:00,0.3213538
2025-08-05 03:00:00,0.800523
2025-08-05 04:00:00,1.2429717
2025-08-05 05:00:00,1.5739892
2025-08-05 06:00:00,1.7170309
2025-08-05 07:00:00,1.6007476
2025-08-05 08:00:00,1.2971364
2025-08-05 09:00:00,0.92066246
2025-08-05 10:00:00,0.527725
2025-08-05 11:00:00,0.14837433
2025-08-05 12:00:00,-0.15487806
2025-08-05 13:00:00,-0.3488602
2025-08-05 14:00:00,-0.2675204
2025-08-05 15:00:00,0.12126174
2025-08-05 16:00:00,0.5498048
2025-08-05 17:00:00,0.93109393
2025-08-05 18:00:00,1.19214
2025-08-05 19:00:00,1.2629843
2025-08-05 20:00:00,1.0856394
2025-08-05 21:00:00,0.76650536
2025-08-05 22:00:00,0.39654356
2025-08-05 23:00:00,0.037250854
2025-08-06 00:00:00,-0.26308212
2025-08-06 01:00:00,-0.4394434
2025-08-06 02:00:00,-0.22301966
2025-08-06 03:00:00,0.30135635
2025-08-06 04:00:00,0.84916335
2025-08-06 05:00:00,1.3583606
2025-08-06 06:00:00,1.7472239
2025-08-06 07:00:00,1.9089947
2025-08-06 08:00:00,1.7857577
2025-08-06 09:00:00,1.4385139
2025-08-06 10:00:00,1.0185935
2025-08-06 11:00:00,0.58027005
2025-08-06 12:00:00,0.16263637
2025-08-06 13:00:00,-0.18995106
2025-08-06 14:00:00,-0.4198095
2025-08-06 15:00:00,-0.27423903
2025-08-06 16:00:00,0.21145245
2025-08-06 17:00:00,0.712917
2025-08-06 18:00:00,1.1475128
2025-08-06 19:00:00,1.4342554
2025-08-06 20:00:00,1.4747602
2025-08-06 21:00:00,1.2291365
2025-08-06 22:00:00,0.8575133
2025-08-06 23:00:00,0.44155812
2025-08-07 00:00:00,0.043406103
2025-08-07 01:00:00,-0.3039349
2025-08-07 02:00:00,-0.49051064
2025-08-07 03:00:00,-0.13211484
2025-08-07 04:00:00,0.49098894
2025-08-07 05:00:00,1.1122159
2025-08-07 06:00:00,1.6645712
2025-08-07 07:00:00,2.0498025
2025-08-07 08:00:00,2.1506412
2025-08-07 09:00:00,1.9244307
2025-08-07 10:00:00,1.5045432
2025-08-07 11:00:00,1.035319
2025-08-07 12:00:00,0.55621433
2025-08-07 13:00:00,0.10964121
2025-08-07 14:00:00,-0.26761803
2025-08-07 15:00:00,-0.4608323
2025-08-07 16:00:00,-0.09275154
2025-08-07 17:00:00,0.5077116
2025-08-07 18:00:00,1.0658282
2025-08-07 19:00:00,1.5040288
2025-08-07 20:00:00,1.7306474
2025-08-07 21:00:00,1.6309462
2025-08-07 22:00:00,1.2741383
2025-08-07 23:00:00,0.8444256
2025-08-08 00:00:00,0.38865107
2025-08-08 01:00:00,-0.029410835
2025-08-08 02:00:00,-0.38102272
2025-08-08 03:00:00,-0.41820383
2025-08-08 04:00:00,0.16746552
2025-08-08 05:00:00,0.8635481
2025-08-08 06:00:00,1.5303572
2025-08-08 07:00:00,2.0686166
2025-08-08 08:00:00,2.3722618
2025-08-08 09:00:00,2.3094804
2025-08-08 10:00:00,1.9317948
2025-08-08 11:00:00,1.4453512
2025-08-08 12:00:00,0.9305279
2025-08-08 13:00:00,0.42505705
2025-08-08 14:00:00,-0.036761902
2025-08-08 15:00:00,-0.4157287
2025-08-08 16:00:00,-0.43340272
2025-08-08 17:00:00,0.15920636
2025-08-08 18:00:00,0.8186375
